{
  "project_info": {
    "project_number": "675551500177",
    "project_id": "fastingappdemo",
    "storage_bucket": "fastingappdemo.appspot.com"
  },
  "client": [
    {
      "client_info": {
        "mobilesdk_app_id": "1:675551500177:android:d730461f6e9ae2cd90ac30",
        "android_client_info": {
          "package_name": "com.fasting_app_rn"
        }
      },
      "oauth_client": [
        {
          "client_id": "675551500177-82v1f1ot74kr9pu3t5jf721mfn7rums1.apps.googleusercontent.com",
          "client_type": 1,
          "android_info": {
            "package_name": "com.fasting_app_rn",
            "certificate_hash": "4f26567a9f89667411dc96fc8b5512d06464a250"
          }
        },
        {
          "client_id": "675551500177-nop16v4mctr41vs4ghrq94vvbhpjjk8d.apps.googleusercontent.com",
          "client_type": 1,
          "android_info": {
            "package_name": "com.fasting_app_rn",
            "certificate_hash": "661d060351ae7c9a522fb0d2748246af24f7d3c8"
          }
        }
      ],
      "api_key": [
        {
          "current_key": "AIzaSyCZ4GMeFh6WEuwTfiIHzYbtXeB67sAviC4"
        }
      ],
      "services": {
        "appinvite_service": {
          "other_platform_oauth_client": []
        }
      }
    }
  ],
  "configuration_version": "1"
}
